"{'cat_13.wav': array([-3.93361816e+02,  1.33174332e+02,  8.69357437e-02,  3.20630875e+01,
        5.40853739e+00,  5.85421944e+00, -1.02933178e+01, -4.34613132e+00,
       -1.16654530e+01, -1.37123337e+01, -1.00536430e+00, -1.26996689e+01,
       -5.46580696e+00, -4.33554077e+00, -6.38665009e+00, -5.63832521e+00,
       -5.02185297e+00, -5.76070166e+00, -3.35309124e+00, -5.15236664e+00,
       -6.31313133e+00, -3.30591726e+00, -6.30745506e+00, -7.46440351e-01,
       -4.18658829e+00, -3.07016683e+00, -1.07456207e+00, -6.07752275e+00,
       -1.19788933e+00, -3.16669321e+00, -3.04107094e+00, -1.51306474e+00,
       -3.31673288e+00,  2.61687767e-02, -1.43740523e+00, -3.32808399e+00,
       -1.73920810e+00, -3.94088387e+00, -1.70392907e+00,  2.57357031e-01,
        6.85633957e-01,  6.51704788e-01,  6.51180506e-01,  7.04512835e-01,
        6.80552065e-01,  7.25995660e-01,  7.01328993e-01,  6.61181629e-01,
        6.60213530e-01,  7.05529273e-01,  7.59442329e-01,  7.11561441e-01,
        5.15734497e-03,  3.45241767e-03,  1.26703149e-02,  1.68546900e-01,
        2.51579225e-01,  1.59693658e-01,  1.98484629e-01,  2.45128945e-01,
        2.27220818e-01,  2.48351827e-01,  2.14460939e-01,  6.14814699e-01,
        2.07399392e+00,  1.26468182e+00,  4.10701573e-01,  1.65930510e-01,
        2.14129135e-01,  2.19283894e-01,  5.52816749e-01,  2.90796310e-01,
        8.86646286e-02,  2.95637809e-02,  2.88353749e-02,  1.46058323e-02,
        7.60489423e-03,  4.47127596e-03,  5.17170411e-03,  6.23127865e-03,
        5.78755932e-03,  4.71429201e-03,  3.69812036e-03,  3.80552816e-03,
        3.00687295e-03,  3.65350675e-03,  3.45966546e-03,  2.22940929e-03,
        4.23088064e-03,  4.17107996e-03,  3.47272516e-03,  8.41606688e-03,
        1.43518196e-02,  2.20520291e-02,  9.69565846e-03,  4.22428437e-02,
        1.82468861e-01,  1.53230980e-01,  3.97654157e-03,  2.16773897e-03,
        1.77261513e-03,  1.71947933e-03,  1.34082371e-03,  1.41719973e-03,
        1.39067019e-03,  1.66684052e-03,  1.73024007e-03,  1.06608914e-03,
        1.75791548e-03,  3.26426839e-03,  4.51715384e-03,  7.15585751e-03,
        5.36319846e-03,  1.14127016e-03,  7.87929923e-04,  7.38585019e-04,
        7.93761341e-04,  1.03341951e-03,  1.09143462e-03,  1.15478784e-03,
        7.33230147e-04,  7.50310777e-04,  9.70787427e-04,  7.58976617e-04,
        5.50132769e-04,  5.44014154e-04,  5.99037157e-04,  4.29791224e-04,
        4.01721569e-04,  5.57783060e-04,  4.63684555e-04,  3.79439269e-04,
        4.32746485e-04,  3.18977167e-04,  3.37683712e-04,  3.63294152e-04,
        3.09609226e-04,  2.39864428e-04,  2.19243142e-04,  1.80800838e-04,
        2.79403117e-04,  3.33151955e-04,  4.08752909e-04,  2.99501320e-04,
        1.52776323e-04,  2.64838367e-04,  1.48033258e-04,  7.36471266e-05,
        1.05195591e-04,  1.54414389e-04,  1.19776034e-03,  1.75391266e-03,
        5.24122559e-04,  2.93469726e-04,  2.43214075e-04,  2.83648929e-04,
        1.85557248e-04,  1.21438126e-04,  1.17406358e-04,  1.11540176e-04,
        1.20709024e-04,  1.10930196e-04,  4.80172857e-05,  2.67480027e-05,
        2.67990235e-05,  1.95948414e-05,  2.29674743e-06,  4.49437749e-08,
        2.75695444e-09,  2.05692263e-09,  1.72242109e-09,  1.49674673e-09,
        1.33253197e-09,  1.21137189e-09,  1.11829723e-09,  1.04656150e-09,
        9.92433802e-10,  9.51902779e-10,  9.24179455e-10,  9.07175168e-10,
        1.83211037e+01,  1.16194640e+01,  1.63545417e+01,  1.45240741e+01,
        1.54467332e+01,  1.72765167e+01,  5.91736920e+01, -1.81032383e-02,
       -4.18906883e-03,  3.13736941e-02, -3.75358987e-02, -6.97468741e-03,
       -1.47519955e-02])}","{'cat_11.wav': array([-3.70466644e+02,  1.18297256e+02,  1.20557404e+01,  1.59832001e+01,
        1.68981419e+01, -1.12804401e+00, -7.20059824e+00, -2.86175704e+00,
       -1.31108980e+01, -1.23398829e+01, -1.65393174e+00, -9.34219837e+00,
       -1.19062815e+01, -7.09871960e+00, -9.60895634e+00, -9.24267673e+00,
       -5.12414122e+00, -6.68659592e+00, -7.85154486e+00, -8.32305336e+00,
       -6.08470583e+00, -5.67900991e+00, -7.19359303e+00, -3.56627584e+00,
       -5.74202728e+00, -6.41504097e+00, -3.88470864e+00, -6.11712646e+00,
       -5.43683958e+00, -3.72903681e+00, -2.81073356e+00, -1.86313140e+00,
       -2.92274594e+00, -9.01245117e-01, -1.89988613e-01, -1.84065318e+00,
       -1.17240345e+00, -3.68282604e+00, -2.73010898e+00, -8.98548588e-02,
        6.35314226e-01,  6.62509680e-01,  7.13445246e-01,  7.93664575e-01,
        7.73804069e-01,  8.84321392e-01,  8.05729330e-01,  7.31242955e-01,
        7.09969103e-01,  7.15457439e-01,  7.51847744e-01,  6.80549502e-01,
        8.46662807e+00,  4.40528345e+00,  1.10627401e+00,  3.51769507e-01,
        6.94623649e-01,  7.33910561e-01,  7.44733453e-01,  3.11601251e-01,
        4.08558488e-01,  5.37178397e-01,  3.50592256e-01,  2.00311020e-01,
        2.68413544e-01,  3.31852525e-01,  3.16356868e-01,  2.74364918e-01,
        4.09485340e-01,  3.38440448e-01,  2.24032268e-01,  9.33117568e-02,
        7.18943700e-02,  5.85407205e-02,  5.50112240e-02,  3.97490188e-02,
        4.45998386e-02,  2.99989935e-02,  1.24259852e-02,  3.19267213e-02,
        4.10915278e-02,  2.16330588e-02,  1.29476469e-02,  1.38688786e-02,
        2.08295994e-02,  1.64542124e-02,  1.30181089e-02,  2.82343812e-02,
        6.04812317e-02,  1.96573958e-02,  1.56694483e-02,  1.15037682e-02,
        9.60846338e-03,  4.99436818e-03,  6.67077396e-03,  1.16077410e-02,
        5.37562976e-03,  6.59835991e-03,  7.57111330e-03,  5.76992286e-03,
        5.28154010e-03,  8.78191274e-03,  4.97133471e-03,  1.47675248e-02,
        7.74331903e-03,  4.28207777e-03,  5.09442342e-03,  2.89644254e-03,
        4.51762835e-03,  3.05035268e-03,  3.31086828e-03,  3.39991692e-03,
        2.67796451e-03,  3.07980482e-03,  2.91327899e-03,  2.76447553e-03,
        2.28491146e-03,  2.48449831e-03,  2.73564644e-03,  2.05704500e-03,
        2.48331320e-03,  1.74303784e-03,  1.89358520e-03,  2.22002156e-03,
        1.96860963e-03,  2.19375733e-03,  2.10055779e-03,  2.17139325e-03,
        2.37398362e-03,  2.30015372e-03,  1.87592639e-03,  1.38103496e-03,
        1.11030741e-03,  9.45926819e-04,  9.57042619e-04,  8.64122820e-04,
        8.06571974e-04,  7.35727139e-04,  6.87995693e-04,  6.94175251e-04,
        6.04197849e-04,  6.01374719e-04,  5.75342798e-04,  5.68838615e-04,
        4.88214107e-04,  4.83026437e-04,  4.48505569e-04,  4.17507021e-04,
        4.05490748e-04,  4.14558541e-04,  8.64866190e-04,  6.98484131e-04,
        3.35180986e-04,  2.82304973e-04,  3.22720938e-04,  2.95162637e-04,
        2.74332415e-04,  2.89921678e-04,  2.99434294e-04,  2.89808639e-04,
        2.54190381e-04,  2.17543522e-04,  1.89146522e-04,  1.69483028e-04,
        2.00260372e-04,  3.11876880e-04,  2.77073705e-05,  1.16276647e-06,
        9.75221148e-09,  3.26382632e-09,  2.70872480e-09,  2.35496356e-09,
        2.10321272e-09,  1.91868699e-09,  1.77675663e-09,  1.66690417e-09,
        1.58365321e-09,  1.52100832e-09,  1.47801671e-09,  1.45156953e-09,
        2.17436213e+01,  1.13688996e+01,  1.52440206e+01,  1.37585433e+01,
        1.53140629e+01,  1.62028351e+01,  5.23742144e+01, -3.13854172e-02,
       -2.65728433e-03,  9.17782168e-03, -6.34859990e-02, -2.75007645e-02,
       -8.65210739e-03])}","{'cat_1.wav': array([-3.16010284e+02,  1.30950806e+02, -1.96256313e+01,  3.78870239e+01,
       -7.20253086e+00,  1.40948486e+01, -9.07820702e+00,  3.25074053e+00,
       -1.69723153e+00, -2.31108233e-01,  3.23175263e+00, -3.21666574e+00,
        1.58984184e+00, -9.18646812e+00, -8.61099437e-02, -5.72212648e+00,
       -4.45626602e-02, -5.09754562e+00, -2.04921865e+00, -2.62751698e-01,
       -4.29866171e+00, -9.03558135e-01, -3.10797167e+00,  2.53989744e+00,
       -3.40662026e+00,  2.03160262e+00,  1.77766967e+00,  5.93023837e-01,
        8.80293846e-01,  8.54432940e-01, -2.32972533e-01, -3.47656655e+00,
        1.68963563e+00, -2.00781226e+00,  4.53129590e-01, -2.06101656e-01,
       -8.65390182e-01, -2.07243457e-01, -1.03146267e+00, -1.70989144e+00,
        6.92593455e-01,  7.16954291e-01,  7.43892968e-01,  7.52307475e-01,
        7.02796996e-01,  7.32274294e-01,  7.84486532e-01,  7.56547034e-01,
        7.27417767e-01,  6.95156455e-01,  7.64483929e-01,  8.01409066e-01,
        4.73532416e-02,  3.53230923e-01,  8.04922640e-01,  1.07106102e+00,
        3.21406221e+00,  3.01882172e+00,  2.54973173e+00,  4.50521278e+00,
        3.08930683e+00,  2.10930753e+00,  2.25170755e+00,  3.95248938e+00,
        3.39480138e+00,  2.51938558e+00,  1.06449997e+00,  3.83598775e-01,
        5.08286834e-01,  1.01331115e+00,  1.00436974e+00,  7.89261460e-01,
        5.91194868e-01,  9.17735934e-01,  1.14432156e+00,  8.21321666e-01,
        5.11162758e-01,  5.16580403e-01,  3.47887039e-01,  4.06181455e-01,
        5.24889827e-01,  5.11420548e-01,  3.91326278e-01,  3.70119303e-01,
        3.98260891e-01,  2.86462516e-01,  2.69719809e-01,  1.90524653e-01,
        1.11196674e-01,  8.83186162e-02,  1.55918062e-01,  2.22100273e-01,
        1.77844778e-01,  1.58595785e-01,  8.54523554e-02,  2.68784255e-01,
        8.99477899e-01,  1.73589289e+00,  7.73184955e-01,  7.73825824e-01,
        1.76682502e-01,  1.18549176e-01,  1.82416454e-01,  2.67088026e-01,
        6.85659349e-01,  4.21828300e-01,  1.13766587e+00,  2.28295898e+00,
        1.58627129e+00,  3.30050260e-01,  1.21149644e-01,  1.46353394e-01,
        3.73279333e-01,  1.37240455e-01,  3.24059010e-01,  2.08007619e-01,
        1.04871497e-01,  1.23858638e-01,  2.21009791e-01,  1.31067127e-01,
        1.64665341e-01,  1.89868152e-01,  1.45150706e-01,  1.06805228e-01,
        7.24394247e-02,  1.08353041e-01,  3.02962270e-02,  1.48546677e-02,
        1.86297279e-02,  2.28649341e-02,  2.40623523e-02,  3.40707600e-02,
        4.14445624e-02,  5.75801618e-02,  4.01474722e-02,  1.53387599e-02,
        1.04518943e-02,  8.00571125e-03,  1.39192194e-02,  3.52836363e-02,
        1.52382944e-02,  1.97883286e-02,  2.41167843e-02,  1.05266776e-02,
        9.39850975e-03,  8.60601570e-03,  7.03023933e-03,  1.21354060e-02,
        1.14573874e-02,  7.11311307e-03,  8.39529745e-03,  5.44103794e-03,
        4.33828775e-03,  4.72212955e-03,  3.40331555e-03,  2.32037529e-03,
        1.71294063e-03,  1.35586236e-03,  9.25370201e-04,  1.34457485e-03,
        1.81167654e-03,  1.27228373e-03,  8.64707283e-04,  7.02021061e-04,
        6.15311437e-04,  5.93315519e-04,  1.49235129e-04,  3.29081286e-06,
        5.19519538e-08,  2.16751666e-08,  1.80579445e-08,  1.56305013e-08,
        1.38585214e-08,  1.25425643e-08,  1.15261516e-08,  1.07392655e-08,
        1.01427675e-08,  9.69552527e-09,  9.38862854e-09,  9.20076015e-09,
        1.69323920e+01,  1.23244446e+01,  1.42215820e+01,  1.48553052e+01,
        1.61179240e+01,  1.63471046e+01,  5.52017978e+01,  1.76725910e-02,
       -7.50187866e-03,  6.44583985e-02,  4.39895494e-03, -7.06648242e-03,
        5.10239103e-03])}","{'cat_5.wav': array([-3.55323120e+02,  8.72302399e+01, -9.48704660e-01,  5.31168518e+01,
       -6.38058567e+00,  2.94960003e+01,  1.50713062e+00,  1.36507063e+01,
        4.82361650e+00, -3.64599675e-02,  8.79321098e+00,  5.29674101e+00,
        5.28322554e+00, -7.09349632e+00,  9.33493519e+00,  6.77173972e-01,
        2.02540565e+00,  5.14794064e+00,  6.39314222e+00,  3.64635396e+00,
        2.61025357e+00,  3.02252436e+00, -2.53338218e-01,  2.11131668e+00,
       -1.86360741e+00,  4.41117334e+00, -7.19253004e-01,  2.00124907e+00,
        1.97396016e+00,  8.59190404e-01,  1.59362876e+00,  2.46102735e-01,
        1.43295491e+00, -1.77564454e+00,  2.47882843e+00, -3.13832664e+00,
        8.44486117e-01,  5.94628632e-01, -1.69641972e+00,  1.52938735e+00,
        7.68884897e-01,  7.76991963e-01,  8.08341742e-01,  8.41296375e-01,
        8.48153055e-01,  8.55445385e-01,  8.01874340e-01,  7.63444602e-01,
        7.57289767e-01,  7.49880791e-01,  7.35907972e-01,  7.43426204e-01,
        1.58345175e+01,  1.03629913e+01,  8.86055660e+00,  3.40725398e+00,
        2.06467938e+00,  8.73847842e-01,  4.75646675e-01,  3.42857033e-01,
        3.09530705e-01,  2.77366132e-01,  2.35189468e-01,  1.87739804e-01,
        1.41866803e-01,  9.74716470e-02,  9.99259353e-02,  7.84148946e-02,
        5.66443652e-02,  4.52411361e-02,  2.30183378e-02,  1.60608161e-02,
        1.61315650e-02,  1.74374096e-02,  2.39548311e-02,  2.62209121e-02,
        2.76077613e-02,  4.52287830e-02,  1.92367554e-01,  2.87880629e-01,
        7.33786076e-02,  2.84189600e-02,  3.14165726e-02,  3.34556438e-02,
        2.63824500e-02,  2.97830608e-02,  2.71287225e-02,  2.33787801e-02,
        2.23277658e-02,  2.21284870e-02,  1.21053066e-02,  7.45765213e-03,
        8.89918860e-03,  9.62299109e-03,  7.10104220e-03,  8.32396653e-03,
        9.47405305e-03,  1.38508063e-02,  2.38574054e-02,  1.66889075e-02,
        1.56626850e-02,  1.77226420e-02,  1.98855214e-02,  4.21101637e-02,
        4.96528000e-02,  2.56545078e-02,  8.85448139e-03,  9.38340463e-03,
        1.59025509e-02,  1.63078289e-02,  1.71921216e-02,  1.87910534e-02,
        1.97649058e-02,  5.44027872e-02,  5.18056676e-02,  8.04092214e-02,
        9.27922279e-02,  5.09993248e-02,  2.27677390e-01,  2.36370802e-01,
        7.86032751e-02,  4.24322486e-02,  5.27777970e-02,  8.10682997e-02,
        1.45120040e-01,  1.06020279e-01,  1.20970570e-01,  1.87390238e-01,
        1.60396397e-01,  3.06840688e-01,  2.17441455e-01,  1.35976136e-01,
        1.06712237e-01,  1.26760304e-01,  1.10908218e-01,  1.19013995e-01,
        8.14255923e-02,  5.76610602e-02,  7.50580281e-02,  8.86719823e-02,
        4.35036235e-02,  4.35653701e-02,  5.39371185e-02,  5.42012863e-02,
        4.26803604e-02,  5.40635362e-02,  4.66532148e-02,  3.13678272e-02,
        2.89967172e-02,  3.55676785e-02,  4.18157876e-02,  8.27387124e-02,
        5.20707481e-02,  4.71742302e-02,  5.43608218e-02,  5.63126206e-02,
        5.99203967e-02,  3.29723097e-02,  1.47093488e-02,  8.02760478e-03,
        7.65906833e-03,  3.83717800e-03,  1.93252857e-03,  1.54772622e-03,
        1.12316431e-03,  5.47062024e-04,  1.19080025e-04,  6.86883277e-06,
        2.77913372e-08,  2.40387210e-10,  1.88797936e-10,  1.58136004e-10,
        1.37172967e-10,  1.22282795e-10,  1.11188510e-10,  1.02822723e-10,
        9.65992356e-11,  9.20013232e-11,  8.88767185e-11,  8.69781747e-11,
        1.53293031e+01,  1.04096106e+01,  1.44067160e+01,  1.42017577e+01,
        1.70247356e+01,  1.78907612e+01,  5.95897039e+01, -5.27648255e-03,
        3.77288879e-02, -4.87509388e-02,  7.27551460e-02,  1.60348855e-02,
        1.34870938e-02])}","{'cat_18.wav': array([-2.94303925e+02,  1.20610008e+02, -8.55119324e+01, -4.27211761e+01,
       -7.29823971e+00, -1.81030121e+01,  1.03802812e+00, -8.11547565e+00,
       -4.54088402e+00,  1.40506067e+01, -5.18761873e+00, -3.39295983e+00,
        1.57102051e+01,  4.00575447e+00,  3.16228926e-01,  8.88823986e+00,
        3.82769251e+00, -1.52475441e+00, -3.48655725e+00, -6.87305021e+00,
       -7.33334684e+00, -5.18548918e+00, -1.95567513e+00, -2.38487387e+00,
       -5.16580391e+00, -7.28381753e-01,  2.44239807e+00, -3.50430560e+00,
       -3.31988168e+00,  5.37927628e+00,  2.22383976e+00, -6.05425644e+00,
       -1.84183371e+00, -3.80037069e+00, -9.55839920e+00,  4.91710067e-01,
        2.35223150e+00, -8.55591106e+00, -6.67100573e+00, -1.46090269e+00,
        2.78495640e-01,  3.00110877e-01,  2.48206437e-01,  1.71640217e-01,
        1.47923157e-01,  2.40646556e-01,  2.31968641e-01,  2.78851122e-01,
        3.38061094e-01,  3.71358752e-01,  4.02995259e-01,  2.66811699e-01,
        7.07173022e-04,  2.34183087e-03,  5.74863516e-03,  7.22269760e-03,
        9.95914731e-03,  2.21296656e-03,  9.22679203e-04,  1.12705259e-03,
        2.65751383e-03,  6.39017159e-03,  2.65142042e-03,  2.01148447e-03,
        2.77178013e-03,  3.77724506e-03,  1.16441280e-01,  3.08367610e+00,
        7.10347557e+00,  8.79292011e+00,  4.51554108e+00,  3.07541704e+00,
        3.12092137e+00,  1.12048602e+00,  8.72476757e-01,  4.93337721e-01,
        6.64852619e-01,  2.02147916e-01,  3.43223929e-01,  1.57861042e+00,
        2.98983860e+00,  3.27948999e+00,  5.66597223e+00,  3.62120366e+00,
        9.70108986e+00,  9.27356815e+00,  1.39763947e+01,  2.52173309e+01,
        2.03102608e+01,  7.96877718e+00,  4.29909801e+00,  4.33582497e+00,
        5.54505348e+00,  5.60034065e+01,  9.83177338e+01,  5.27997551e+01,
        2.46172295e+01,  4.00717163e+00,  1.04203320e+00,  2.55338335e+00,
        6.00774467e-01,  7.03462243e-01,  2.03412318e+00,  3.08233452e+00,
        2.09839392e+00,  6.01066113e-01,  2.44968370e-01,  5.07197618e-01,
        9.52049077e-01,  5.26674891e+00,  5.07560425e+01,  5.46255302e+01,
        7.35906124e+00,  6.00199997e-01,  5.03202963e+00,  1.82321429e+00,
        4.18004245e-01,  2.53548831e-01,  1.79811344e-01,  7.46902972e-02,
        1.66581273e-01,  1.82032096e+00,  2.51405787e+00,  6.90378606e-01,
        2.32837237e-02,  9.05592460e-03,  2.06825836e-03,  1.90039852e-03,
        1.01813963e-02,  1.20068565e-01,  6.01272106e-01,  5.44791043e-01,
        5.84751517e-02,  2.82105494e+00,  2.95945001e+00,  3.01261157e-01,
        2.34947726e-02,  2.65616849e-02,  3.96130644e-02,  3.80234867e-02,
        4.70284671e-02,  1.24094514e-02,  2.55330469e-05,  4.19125287e-03,
        3.92673211e-03,  7.49732717e-04,  9.99541371e-05,  7.51556036e-06,
        5.46806950e-06,  7.03449314e-06,  1.72341311e-06,  1.73468663e-06,
        1.03697380e-06,  9.43350130e-07,  9.44873307e-07,  1.80969664e-06,
        8.30053239e-07,  1.13940155e-06,  1.68554709e-06,  1.06142613e-06,
        8.19456375e-07,  8.23956157e-07,  9.56982876e-06,  3.53011910e-06,
        1.54008694e-06,  7.26843155e-07,  7.36380798e-07,  5.01916645e-07,
        4.24986808e-07,  3.86308386e-07,  3.61337271e-07,  3.42746631e-07,
        3.27653026e-07,  3.15818312e-07,  3.05994092e-07,  2.97916444e-07,
        2.91619642e-07,  2.86667785e-07,  2.83280883e-07,  2.81068139e-07,
        1.57093575e+01,  1.15067407e+01,  2.73347246e+01,  2.59709396e+01,
        2.83676377e+01,  4.06751462e+01,  4.67793019e+01, -1.08480997e-02,
       -6.63082360e-03,  8.36301864e-03, -7.29162630e-02, -6.51417459e-03,
       -7.73233297e-03])}","{'cat_2.wav': array([-3.15442230e+02,  1.27573334e+02, -1.58231974e+01,  2.97849922e+01,
       -1.56685984e+00,  9.42567158e+00, -5.92515755e+00,  2.04386973e+00,
       -1.02872181e+00, -2.49813175e+00,  1.45757985e+00, -2.12827945e+00,
        1.29163516e+00, -8.02899647e+00, -1.22984648e+00, -3.00724983e+00,
       -1.97016060e-01, -3.68685603e+00, -1.75726473e+00,  1.29974270e+00,
       -2.75129533e+00, -9.28566158e-01, -2.20713091e+00,  1.21333635e+00,
       -2.24658227e+00,  2.30611324e+00,  3.30415010e+00,  1.00877011e+00,
        2.29106498e+00,  1.99054229e+00, -8.84156823e-01, -3.14785576e+00,
        1.65518034e+00, -9.13042307e-01,  3.02216768e-01,  5.70955873e-01,
       -1.05707395e+00, -4.61017847e-01, -1.53207648e+00, -1.95626020e+00,
        7.09052742e-01,  7.18137562e-01,  7.38665998e-01,  6.94143832e-01,
        6.83761597e-01,  7.51842380e-01,  7.59667516e-01,  7.34003603e-01,
        6.80323184e-01,  6.91041112e-01,  8.19962382e-01,  7.53114223e-01,
        1.14431120e-01,  6.98347986e-01,  1.57776535e+00,  1.57287264e+00,
        1.52148044e+00,  6.20836437e-01,  1.50174391e+00,  2.39360714e+00,
        2.63809538e+00,  3.65524507e+00,  5.54858732e+00,  2.24046183e+00,
        1.47940683e+00,  9.65435565e-01,  5.03816485e-01,  5.41806340e-01,
        4.96000439e-01,  5.72856426e-01,  6.37186170e-01,  4.70224887e-01,
        3.48575860e-01,  3.50713909e-01,  6.43458843e-01,  6.16353095e-01,
        4.02183324e-01,  2.83722073e-01,  2.78727084e-01,  3.47563893e-01,
        4.46796596e-01,  4.16089088e-01,  4.10295397e-01,  2.47010455e-01,
        1.43651068e-01,  6.64261132e-02,  5.97690530e-02,  1.78933144e-01,
        3.34470183e-01,  5.07522225e-01,  2.79373288e-01,  1.60142884e-01,
        1.00670964e-01,  6.70900568e-02,  4.32854444e-02,  2.52970070e-01,
        8.51876199e-01,  1.62824225e+00,  7.57496357e-01,  7.77938843e-01,
        1.86225176e-01,  2.12920412e-01,  3.63557965e-01,  4.56447482e-01,
        8.18323493e-01,  5.10200739e-01,  1.05857325e+00,  2.13216281e+00,
        1.49076974e+00,  2.82658488e-01,  7.34616295e-02,  1.06821835e-01,
        3.45411748e-01,  1.60693243e-01,  4.84821916e-01,  6.37769818e-01,
        3.27498376e-01,  4.31706369e-01,  8.70027959e-01,  5.84918380e-01,
        5.06384730e-01,  3.96603078e-01,  7.06578076e-01,  4.24550086e-01,
        4.63991195e-01,  1.33448213e-01,  3.82117145e-02,  1.95832178e-02,
        3.13782580e-02,  4.68350947e-02,  1.07386895e-01,  8.20113569e-02,
        4.53738756e-02,  5.46290167e-02,  3.83638442e-02,  1.04235830e-02,
        4.77194833e-03,  4.44807904e-03,  9.35152639e-03,  2.65452359e-02,
        7.95745477e-03,  1.14852050e-02,  9.89497360e-03,  5.92707284e-03,
        3.00714094e-03,  3.59631120e-03,  3.28662014e-03,  3.55488784e-03,
        5.28810825e-03,  2.99939117e-03,  3.25331045e-03,  2.34551448e-03,
        1.26459217e-03,  1.97598874e-03,  1.55625760e-03,  1.03693909e-03,
        1.28259580e-03,  1.16370874e-03,  6.39701495e-04,  8.60459753e-04,
        7.93207437e-04,  3.81524587e-04,  2.70976336e-04,  2.41667614e-04,
        3.70450580e-04,  4.02115838e-04,  7.44705831e-05,  2.48063157e-06,
        4.42470700e-08,  3.08304813e-08,  2.78927850e-08,  2.55699870e-08,
        2.36641089e-08,  2.21378631e-08,  2.08798703e-08,  1.98565928e-08,
        1.90542107e-08,  1.84338109e-08,  1.80018542e-08,  1.77312049e-08,
        1.63153679e+01,  1.24435264e+01,  1.44387256e+01,  1.52141954e+01,
        1.64410664e+01,  1.63942368e+01,  5.39189059e+01,  1.85235385e-02,
       -3.27640271e-03,  7.06535158e-02,  2.13555442e-02, -6.24211785e-03,
        6.34209933e-03])}","{'cat_9.wav': array([-2.70029846e+02,  6.40581360e+01, -6.65904083e+01,  1.74700794e+01,
        6.39741993e+00,  1.27537441e+01, -6.41748476e+00, -1.68210053e+00,
       -1.36610289e+01,  1.12484655e+01, -5.66240978e+00,  7.93782568e+00,
        3.54699974e+01,  1.18339224e+01,  1.93212204e+01, -6.85399818e+00,
       -9.22709084e+00, -9.26970387e+00,  6.98168612e+00,  1.32963247e+01,
       -4.22275257e+00, -1.46228313e+00,  1.80050397e+00,  1.64867973e+01,
        7.30849791e+00, -1.86285615e+00,  4.67346096e+00,  7.79583740e+00,
       -4.15115786e+00, -1.13085985e+01, -2.03482223e+00,  7.01297331e+00,
       -9.70155418e-01, -7.89601755e+00, -2.03028846e+00, -4.98230028e+00,
        2.71297288e+00,  8.36863422e+00,  5.29843760e+00, -2.72248173e+00,
        3.97915632e-01,  3.92119557e-01,  2.41008177e-01,  1.96758851e-01,
        1.99201122e-01,  1.53627858e-01,  1.92652613e-01,  5.08141160e-01,
        4.32098359e-01,  3.38999510e-01,  3.04831505e-01,  3.40710402e-01,
        1.46918252e-01,  7.38234594e-02,  2.55791005e-02,  1.13856299e-02,
        1.35817863e-02,  9.83552914e-03,  5.98613033e-03,  4.16666735e-03,
        3.24940053e-03,  1.63288414e-03,  2.27926439e-03,  1.43289603e-02,
        2.22056154e-02,  5.04067913e-03,  7.88738951e-03,  2.86125749e-01,
        1.64777923e+00,  6.98299348e-01,  5.42005122e-01,  8.23958933e-01,
        1.00621843e+00,  1.42085183e+00,  1.47292280e+00,  9.29559946e-01,
        1.63242424e+00,  1.12522900e+00,  2.78438181e-01,  7.83974156e-02,
        9.10727959e-03,  3.09539982e-03,  3.95967439e-03,  9.16528609e-03,
        1.69662654e-01,  4.57122266e-01,  2.73676425e-01,  1.78659379e-01,
        2.12987661e-01,  3.69790196e-01,  5.15642285e-01,  2.04383326e+00,
        6.81433296e+00,  1.04242954e+01,  5.26557922e+00,  2.51050377e+00,
        5.09408832e-01,  3.85840923e-01,  2.52097785e-01,  1.78304791e-01,
        3.43991965e-01,  1.61493585e-01,  1.10641524e-01,  7.81486258e-02,
        7.71519616e-02,  2.93541253e-01,  5.56569386e+00,  4.13051605e+02,
        3.85623444e+02,  2.16414413e+01,  5.12032175e+00,  3.04929328e+00,
        1.22747433e+00,  1.48662269e+00,  1.65336275e+00,  3.42674923e+00,
        2.00254226e+00,  1.65476775e+00,  3.18954754e+00,  2.96294785e+00,
        3.38089228e+00,  3.28810930e+00,  1.93311357e+00,  1.05810881e+00,
        3.74702722e-01,  2.48641908e-01,  3.17028224e-01,  1.75502360e-01,
        1.17811047e-01,  1.89238682e-01,  2.06189975e-01,  1.03064068e-01,
        1.09618299e-01,  2.38279104e-01,  6.36275828e-01,  3.64891708e-01,
        2.44916633e-01,  9.80202854e-02,  3.39605808e-02,  1.63674206e-01,
        1.09785527e-01,  4.33632545e-02,  4.02675979e-02,  1.76072735e-02,
        1.44529166e-02,  8.41485802e-03,  3.39735742e-03,  4.73585306e-03,
        2.69955001e-03,  1.77888467e-03,  7.77226640e-04,  5.23920520e-04,
        7.90709397e-04,  4.49780346e-04,  5.92309050e-04,  8.59040825e-04,
        1.58987823e-03,  2.32992228e-03,  2.07758625e-03,  4.67654318e-03,
        5.83369378e-03,  3.67107289e-03,  3.20141600e-03,  2.73253676e-03,
        1.69330265e-03,  1.90221553e-03,  8.19515670e-04,  2.83994286e-05,
        1.93608557e-07,  3.83550294e-08,  3.25533946e-08,  2.84164461e-08,
        2.52759254e-08,  2.28843824e-08,  2.10062545e-08,  1.95364240e-08,
        1.84136884e-08,  1.75679293e-08,  1.69854246e-08,  1.66288157e-08,
        1.56720943e+01,  1.32225901e+01,  2.60729591e+01,  2.85654911e+01,
        2.76784225e+01,  2.72872823e+01,  6.14401966e+01, -3.73265896e-03,
        2.10437317e-02,  5.97555503e-02,  5.37483661e-02,  3.27529378e-02,
        1.00626013e-02])}","{'cat_19.wav': array([-2.82361389e+02,  9.89795914e+01, -4.14850502e+01,  4.68528328e+01,
       -9.98756695e+00,  4.62155800e+01,  8.90396309e+00,  2.21202106e+01,
        1.25930083e+00, -1.57026520e+01, -5.16372967e+00,  2.26774120e+01,
        2.75240116e+01, -1.03607111e+01, -1.18854865e-02,  6.74576223e-01,
        5.17845345e+00, -6.55153704e+00,  2.42632008e+01,  1.03564701e+01,
       -1.84339466e+01,  7.62360907e+00,  4.88242817e+00,  4.32296467e+00,
        1.31325598e+01,  2.78084159e+00, -7.92299938e+00,  9.69613361e+00,
       -6.68946791e+00,  6.04030418e+00,  1.19610939e+01, -1.17606354e+01,
        1.10497808e+00, -2.43585181e+00,  2.48172522e+00,  2.10049224e+00,
        2.83285189e+00,  3.65154982e+00, -6.29364109e+00, -1.02144468e+00,
        3.51569295e-01,  6.00662589e-01,  8.53830934e-01,  5.21349907e-01,
        2.89828390e-01,  2.66707867e-01,  2.60686219e-01,  2.74044961e-01,
        3.19644690e-01,  3.70743275e-01,  3.15779805e-01,  3.06554198e-01,
        1.20571012e+01,  3.21392679e+00,  1.81441259e+00,  1.15277231e+00,
        2.90721983e-01,  1.92145333e-01,  1.23789117e-01,  1.17925666e-01,
        1.37927368e-01,  2.82997251e-01,  4.18385178e-01,  3.46387446e-01,
        2.27098241e-01,  1.39073595e-01,  1.03280969e-01,  5.40394560e-02,
        2.97832806e-02,  2.44531892e-02,  3.38589437e-02,  9.73504707e-02,
        8.38546008e-02,  2.15173122e-02,  2.44401656e-02,  1.82445236e-02,
        1.37471072e-02,  1.35114845e-02,  1.64663382e-02,  2.47240365e-02,
        2.59656403e-02,  2.27754097e-02,  1.74659435e-02,  1.23246685e-02,
        1.00272037e-02,  8.86859000e-03,  1.71008445e-02,  3.20151486e-02,
        5.95394745e-02,  1.57479703e-01,  3.27503055e-01,  5.70147693e-01,
        1.62669349e+00,  5.55696392e+00,  1.87339020e+01,  3.23911629e+01,
        3.96509094e+01,  1.41830912e+01,  9.34846520e-01,  7.17814207e-01,
        1.28377378e+00,  7.92394400e-01,  4.42177713e-01,  7.94068128e-02,
        3.58566940e-02,  2.24230438e-02,  1.75688192e-02,  2.01715231e-02,
        2.72921473e-02,  2.77546383e-02,  2.40313262e-02,  1.86882187e-02,
        2.11396515e-02,  3.17445621e-02,  3.26647647e-02,  9.71934944e-02,
        1.58233196e-01,  2.92768419e-01,  6.39685988e-01,  1.27340424e+00,
        2.53803611e+00,  7.78064394e+00,  4.90739393e+00,  1.37508619e+00,
        8.03404570e-01,  9.24380124e-01,  9.69664812e-01,  7.82244742e-01,
        1.97127059e-01,  2.60021407e-02,  8.52908101e-03,  4.11646143e-02,
        1.57040730e-01,  1.13091326e+00,  2.54776883e+00,  2.73753548e+00,
        1.99573288e+01,  2.09939384e+01,  2.83759689e+00,  1.21408987e+00,
        6.58985972e-01,  6.63002849e-01,  9.65449154e-01,  3.21648270e-01,
        3.18523705e-01,  3.89909059e-01,  8.25107276e-01,  2.45031714e+00,
        1.58947814e+00,  1.73043326e-01,  4.60420959e-02,  1.15709947e-02,
        1.94771811e-02,  3.91765796e-02,  2.14808788e-02,  2.48097241e-01,
        3.84881496e-01,  5.82085662e-02,  2.29285415e-02,  2.00124532e-02,
        2.61052363e-02,  3.65680829e-02,  9.66971517e-02,  9.63383168e-02,
        6.77000033e-03,  1.44414383e-03,  6.42759842e-04,  3.41518498e-05,
        4.95457243e-07,  1.33503131e-09,  9.99732408e-10,  8.43302983e-10,
        7.47181872e-10,  6.83887946e-10,  6.38897657e-10,  6.06128370e-10,
        5.82428217e-10,  5.65080982e-10,  5.53533830e-10,  5.46421575e-10,
        1.70222610e+01,  1.18100117e+01,  1.35252954e+01,  2.59552622e+01,
        2.72599556e+01,  2.84344625e+01,  6.40045455e+01, -2.77048742e-03,
        1.08214387e-02, -1.00785372e-01, -1.43020247e-02,  1.46688735e-02,
       -8.25216076e-04])}","{'cat_7.wav': array([-4.14548370e+02,  1.11562485e+02,  1.59147463e+01,  4.68892517e+01,
       -9.27182579e+00,  2.08611565e+01,  1.79906189e+00,  9.98413086e+00,
        5.82003832e+00,  2.35167909e+00,  5.19435883e+00,  5.48186207e+00,
        3.37287235e+00, -8.12280846e+00,  1.08527803e+01, -1.89909792e+00,
        3.81730056e+00,  9.13022327e+00,  2.34951448e+00,  2.33602262e+00,
       -4.00990993e-02,  8.50697756e-01, -4.91579562e-01,  1.19249094e+00,
       -2.69111204e+00,  2.06455612e+00, -1.12690556e+00,  3.20171386e-01,
        1.40943277e+00, -8.17958772e-01,  1.48002756e+00,  1.16046309e+00,
        2.21547651e+00,  4.00378197e-01,  2.47509003e+00, -9.61415827e-01,
        1.82681608e+00,  1.06316769e+00,  7.67247379e-01,  2.15959096e+00,
        7.80344367e-01,  7.60479867e-01,  7.36757636e-01,  7.75155365e-01,
        8.20242167e-01,  8.30125332e-01,  8.42933476e-01,  8.66875410e-01,
        8.55774283e-01,  8.20357740e-01,  7.76278079e-01,  7.49870300e-01,
        2.72282910e+00,  1.67412019e+00,  6.84362769e-01,  2.12318674e-01,
        1.59013957e-01,  1.43038109e-01,  1.19057186e-01,  1.05468191e-01,
        7.22153261e-02,  4.56646346e-02,  3.32085527e-02,  3.46116349e-02,
        4.30275537e-02,  4.49101925e-02,  3.74513045e-02,  3.26492153e-02,
        3.08941994e-02,  2.09476966e-02,  1.46954898e-02,  1.29876565e-02,
        1.08887786e-02,  1.57385115e-02,  2.25636363e-02,  3.29682343e-02,
        1.00124240e-01,  7.22510889e-02,  1.11796977e-02,  5.83334127e-03,
        5.10403095e-03,  4.50265128e-03,  4.78855614e-03,  4.43455949e-03,
        4.54604812e-03,  4.16701986e-03,  3.23981093e-03,  3.12291807e-03,
        3.12882871e-03,  2.81058298e-03,  2.31010793e-03,  3.32171936e-03,
        3.53948353e-03,  3.58879054e-03,  2.70422339e-03,  2.50612851e-03,
        2.77604349e-03,  2.17947667e-03,  2.59055104e-03,  8.43945332e-03,
        1.49053754e-02,  5.86092239e-03,  2.05782522e-03,  2.02693092e-03,
        2.46667373e-03,  1.70730753e-03,  2.21911841e-03,  2.14039721e-03,
        2.25859811e-03,  2.20156740e-03,  3.95147037e-03,  4.10648575e-03,
        4.47247084e-03,  6.35340158e-03,  3.75052951e-02,  1.36827335e-01,
        1.14589021e-01,  1.34173557e-02,  1.84174925e-02,  1.56967025e-02,
        1.18572386e-02,  9.77514777e-03,  1.37138944e-02,  3.93202342e-02,
        2.24426556e-02,  2.27705576e-02,  5.62294349e-02,  3.80134955e-02,
        4.39110212e-03,  7.84795545e-03,  7.56825879e-03,  4.12566308e-03,
        1.07414592e-02,  3.11082099e-02,  6.13024794e-02,  1.76641569e-02,
        1.03883371e-02,  9.99592990e-03,  5.15420921e-03,  2.53583514e-03,
        4.11179708e-03,  5.48516307e-03,  3.27324541e-03,  3.09474487e-03,
        3.58227571e-03,  2.24475353e-03,  2.72037974e-03,  3.78107978e-03,
        2.97675561e-03,  1.30770041e-03,  1.28544634e-03,  1.83256844e-03,
        2.57152529e-03,  2.58205784e-03,  2.77131610e-03,  2.72466429e-03,
        4.10673209e-03,  4.76756459e-03,  1.96232647e-03,  9.17697209e-04,
        1.11744169e-03,  6.70167967e-04,  2.55986233e-04,  2.05055898e-04,
        1.68918530e-04,  8.79296131e-05,  1.41188948e-05,  7.12312556e-07,
        3.55151073e-08,  2.51207624e-08,  2.08949977e-08,  1.80542283e-08,
        1.59838649e-08,  1.44489105e-08,  1.32656481e-08,  1.23511299e-08,
        1.16585648e-08,  1.11398348e-08,  1.07840616e-08,  1.05664677e-08,
        1.32632293e+01,  1.07762651e+01,  1.33724671e+01,  1.52334679e+01,
        1.63111335e+01,  1.93010746e+01,  6.22998160e+01, -4.32858961e-03,
        1.17483185e-02, -7.94489691e-02,  6.99208535e-02,  5.14673007e-03,
        8.11993303e-03])}","{'cat_3.wav': array([-3.32421570e+02,  1.27568993e+02, -1.34651127e+01,  2.38710060e+01,
        4.79024708e-01,  4.99635696e+00, -3.29816914e+00,  5.09128153e-01,
       -2.00653315e+00, -3.65831566e+00,  1.73507905e+00, -2.18911946e-01,
        2.34258056e+00, -4.61891651e+00, -3.88730228e-01, -1.15797532e+00,
       -2.46558577e-01, -1.50653100e+00, -1.47334218e+00,  3.51293534e-01,
       -2.21370482e+00, -6.14463627e-01, -6.40041351e-01,  7.35132396e-01,
       -2.08730650e+00,  1.22841215e+00,  3.04164290e+00,  1.06624734e+00,
        2.03580761e+00,  1.92583668e+00, -5.85573673e-01, -2.74633837e+00,
       -1.46880552e-01, -1.18868709e+00,  8.27656910e-02,  2.83838063e-01,
       -8.89984310e-01,  3.18362206e-01, -7.70488501e-01, -1.29257011e+00,
        7.20284283e-01,  7.82149255e-01,  7.69833863e-01,  7.74186850e-01,
        7.22268939e-01,  7.36563742e-01,  7.66969442e-01,  7.22724676e-01,
        7.14266241e-01,  6.81853056e-01,  7.76981294e-01,  8.20706189e-01,
        1.14554927e-01,  6.74008310e-01,  1.52277195e+00,  1.52010953e+00,
        1.48971832e+00,  5.54538012e-01,  1.20403838e+00,  1.73749816e+00,
        1.71109200e+00,  3.16139841e+00,  5.41380882e+00,  2.17875290e+00,
        1.46548486e+00,  9.44449246e-01,  4.88703221e-01,  5.28502643e-01,
        4.57717478e-01,  5.15176117e-01,  5.81632555e-01,  3.74271482e-01,
        2.81397700e-01,  2.60766864e-01,  3.50882769e-01,  3.78847271e-01,
        3.43235761e-01,  2.37725407e-01,  2.13123366e-01,  2.79036552e-01,
        3.49698275e-01,  3.44234586e-01,  3.46534848e-01,  1.58134341e-01,
        7.42769316e-02,  4.54664230e-02,  4.76838984e-02,  1.71591997e-01,
        3.32722306e-01,  5.04521370e-01,  2.21862853e-01,  9.33104679e-02,
        5.88368587e-02,  3.82416435e-02,  3.32001410e-02,  3.96598652e-02,
        3.95231061e-02,  5.74354939e-02,  7.52975643e-02,  9.87311825e-02,
        8.23937804e-02,  1.44626081e-01,  2.32629463e-01,  2.51919389e-01,
        2.38016456e-01,  1.79258406e-01,  5.90139031e-02,  5.04926592e-02,
        4.62732688e-02,  2.06047259e-02,  1.32722054e-02,  1.33449882e-02,
        2.83868182e-02,  5.68835549e-02,  2.13811651e-01,  4.79972392e-01,
        2.52363950e-01,  3.46912682e-01,  7.02243209e-01,  4.90250438e-01,
        3.94554317e-01,  2.65091807e-01,  6.03502214e-01,  3.46750587e-01,
        4.51680213e-01,  1.26885086e-01,  3.72857414e-02,  1.88086107e-02,
        3.15538980e-02,  4.70246598e-02,  1.03248730e-01,  7.57800713e-02,
        2.14273315e-02,  7.97181297e-03,  9.00110323e-03,  6.95518032e-03,
        3.38544324e-03,  2.77958927e-03,  1.60381861e-03,  1.72102056e-03,
        1.93430670e-03,  1.77501701e-03,  1.89599826e-03,  8.13683320e-04,
        7.06440536e-04,  6.81832375e-04,  6.26201334e-04,  5.15752705e-04,
        4.85567289e-04,  4.50841297e-04,  2.78368476e-04,  2.68401840e-04,
        2.92928045e-04,  4.30870161e-04,  7.14967318e-04,  5.21667069e-04,
        3.95732612e-04,  5.58965083e-04,  3.21430911e-04,  4.08195658e-04,
        2.56893283e-04,  1.08524655e-04,  8.93945835e-05,  9.75355579e-05,
        1.04062048e-04,  5.51572557e-05,  1.46910461e-05,  1.14325155e-06,
        2.94376203e-08,  2.14372697e-08,  1.89121625e-08,  1.70550614e-08,
        1.56063411e-08,  1.44814480e-08,  1.35760843e-08,  1.28522055e-08,
        1.22916290e-08,  1.18623777e-08,  1.15649463e-08,  1.13799912e-08,
        1.58859190e+01,  1.16422565e+01,  1.42361965e+01,  1.45787569e+01,
        1.57441683e+01,  1.61800547e+01,  5.23156906e+01, -1.25480457e-02,
       -1.11270361e-02,  3.46606050e-02, -3.28986375e-02, -2.99643000e-03,
       -7.38174143e-03])}","{'cat_20.wav': array([-3.36598724e+02,  1.09516716e+02, -1.77893143e+01,  4.56616669e+01,
        1.07202311e+01,  2.92772121e+01,  1.33858175e+01,  1.43536587e+01,
        5.20661259e+00,  9.83440399e+00,  2.90807104e+00, -1.56601226e+00,
        3.47377133e+00,  1.27767253e+00,  1.54978819e+01,  1.07217093e+01,
        1.72985172e+01,  1.03022957e+01,  7.52924490e+00, -5.20711057e-02,
        4.14023781e+00,  9.79270935e+00,  3.94695091e+00,  3.16929507e+00,
       -4.88450003e+00,  5.44888496e+00,  3.32073593e+00,  3.08260989e+00,
        7.12804914e-01,  5.42176151e+00,  1.35338955e+01,  6.50648117e+00,
        3.29712677e+00,  5.72794735e-01,  5.72955465e+00,  1.70197356e+00,
        1.13886034e+00,  4.49932241e+00,  3.79106498e+00, -1.81573582e+00,
        6.19797945e-01,  6.39347613e-01,  6.52741909e-01,  6.60554230e-01,
        7.16116667e-01,  7.48415768e-01,  6.87174261e-01,  6.91961467e-01,
        7.05444276e-01,  7.79100001e-01,  8.08355033e-01,  6.29796505e-01,
        1.37994110e+02,  1.26362333e+01,  9.48610008e-01,  2.04688430e-01,
        1.00041881e-01,  9.75041240e-02,  1.19617641e-01,  9.02552679e-02,
        6.30664006e-02,  8.36152807e-02,  1.20832428e-01,  1.86552569e-01,
        3.49851400e-01,  9.67753232e-01,  1.42165673e+00,  2.83021832e+00,
        5.02689123e+00,  2.88025737e+00,  7.44461939e-02,  1.29278405e-02,
        8.24109092e-03,  4.99800406e-03,  4.36330773e-03,  5.27821109e-03,
        8.24749842e-03,  1.04555907e-02,  1.88779291e-02,  8.89689848e-02,
        1.16843045e-01,  1.22167967e-01,  1.51303619e-01,  2.80642271e-01,
        1.35616553e+00,  2.39632225e+00,  5.31826496e+00,  3.96794319e+00,
        1.66808307e-01,  3.76650505e-02,  3.88487093e-02,  7.08888546e-02,
        6.05766289e-02,  9.09243599e-02,  1.04555860e-01,  8.68667066e-02,
        8.78363848e-02,  6.84251487e-02,  1.81358352e-01,  5.90962648e-01,
        1.33181190e+00,  2.75526142e+00,  2.91367674e+00,  2.73511618e-01,
        2.51780391e-01,  3.96172136e-01,  3.50526005e-01,  4.86627668e-01,
        5.24112463e-01,  1.22379434e+00,  4.66503382e+00,  8.50032616e+00,
        3.25537529e+01,  2.28455162e+01,  4.53309119e-01,  1.91951189e-02,
        3.07874829e-02,  8.80055428e-02,  1.51523340e+00,  1.42978513e+00,
        2.79782891e+00,  2.51540112e+00,  2.62659639e-01,  1.58555955e-02,
        5.11162691e-02,  3.39344054e-01,  4.12124515e-01,  1.01276779e+00,
        7.64823139e-01,  6.39743730e-02,  8.94383788e-02,  3.52662832e-01,
        3.06882560e-01,  7.14557230e-01,  3.37742567e-01,  4.64081466e-02,
        2.45808676e-01,  2.71830738e-01,  5.13944805e-01,  1.31731942e-01,
        9.39469263e-02,  8.89185071e-02,  4.60439362e-02,  3.19075584e-02,
        1.54188899e-02,  1.11022908e-02,  1.49927596e-02,  1.51573010e-02,
        7.46527174e-03,  9.67078190e-03,  1.64337885e-02,  1.66239124e-02,
        1.30678834e-02,  9.19839926e-03,  8.89940374e-03,  2.84305797e-03,
        5.21750376e-03,  5.48967673e-03,  8.98166327e-04,  1.88272388e-03,
        2.77591846e-03,  2.19810428e-03,  6.20067911e-03,  4.23738500e-03,
        1.17870839e-02,  7.16782780e-03,  4.87676880e-04,  2.86490758e-05,
        1.63914407e-07,  9.73969461e-10,  8.90924834e-10,  8.33977165e-10,
        7.89739163e-10,  7.55828622e-10,  7.28394955e-10,  7.06353753e-10,
        6.89309332e-10,  6.76125100e-10,  6.67128908e-10,  6.61365351e-10,
        2.16583795e+01,  1.14310871e+01,  1.89216521e+01,  1.63786744e+01,
        1.81045938e+01,  1.98271231e+01,  5.76880202e+01, -2.74636980e-02,
        6.47268589e-02, -4.15537533e-02,  4.62883813e-02,  1.78938945e-02,
        2.76593791e-02])}","{'cat_8.wav': array([-2.15528763e+02,  9.32473450e+01, -5.43902817e+01,  3.56197929e+01,
       -3.02780209e+01,  3.80526161e+01, -3.09884701e+01,  2.02057152e+01,
       -5.53237152e+00,  2.54381514e+00,  7.37503910e+00, -1.59009337e+00,
        1.71780288e+00, -1.85700665e+01,  1.28789532e+00, -2.00134964e+01,
        3.00361562e+00, -1.02218447e+01, -5.83402681e+00, -7.86274290e+00,
        2.34270215e+00,  6.51736736e+00, -1.15974340e+01, -3.73637867e+00,
       -1.10860052e+01, -5.12651539e+00, -9.95697117e+00,  3.12713599e+00,
       -4.32415104e+00, -7.15381718e+00, -2.46176982e+00,  8.16238880e+00,
        4.67282629e+00, -9.81607819e+00, -2.08787823e+00, -1.00250835e+01,
       -3.52140856e+00, -1.92490649e+00, -2.69897866e+00, -7.69926786e+00,
        6.11221850e-01,  6.03917956e-01,  5.72532713e-01,  6.95911348e-01,
        9.23943281e-01,  7.19696343e-01,  5.62448621e-01,  5.92518687e-01,
        6.39777601e-01,  6.10552788e-01,  6.06222332e-01,  6.18553758e-01,
        1.71051116e-03,  3.89884077e-02,  4.01020169e-01,  1.98938951e-01,
        3.73408556e-01,  9.62498605e-01,  3.35632831e-01,  2.30716869e-01,
        2.58818626e-01,  2.61818677e-01,  1.38199463e-01,  8.36956277e-02,
        4.93405312e-02,  5.23950905e-02,  4.41084132e-02,  4.70404364e-02,
        6.78435415e-02,  5.93008101e-02,  2.59550717e-02,  5.55566438e-02,
        4.59824316e-02,  4.00727168e-02,  8.88143778e-02,  8.37145090e-01,
        1.09800901e+01,  5.52596436e+01,  3.18370190e+01,  5.76233089e-01,
        1.60853758e-01,  1.15664162e-01,  1.41669720e-01,  1.20779455e-01,
        1.17649689e-01,  7.92389661e-02,  6.02557547e-02,  5.10848090e-02,
        6.69300184e-02,  1.26629978e-01,  1.36053547e-01,  1.39491752e-01,
        7.47346953e-02,  6.79218248e-02,  1.12006553e-01,  9.04024392e-02,
        5.31952679e-02,  1.85180247e-01,  5.91283143e-01,  1.95160198e+01,
        4.86521339e+01,  3.16905270e+01,  6.01924133e+00,  3.09180260e-01,
        1.62248239e-01,  1.01857997e-01,  1.72569379e-01,  2.55569518e-01,
        3.83964568e-01,  3.98361832e-01,  4.48903084e-01,  1.40505105e-01,
        1.32350504e-01,  1.94955736e-01,  6.20965540e-01,  1.39780939e+00,
        1.98090231e+00,  1.08274436e+00,  1.96199372e-01,  1.53353840e-01,
        1.34329781e-01,  1.25786453e-01,  4.86870520e-02,  5.33195287e-02,
        9.65169072e-02,  2.86908460e+00,  7.08110571e+00,  3.73024750e+00,
        2.85046458e-01,  4.26287949e-02,  2.03810055e-02,  9.31360759e-03,
        1.75599139e-02,  4.57752720e-02,  1.72831520e-01,  1.78736120e-01,
        3.74467634e-02,  1.26269367e-02,  1.30469669e-02,  2.84954514e-02,
        5.71596734e-02,  2.29425728e-01,  4.11859930e-01,  7.02822357e-02,
        1.38627365e-02,  1.70594584e-02,  5.15683256e-02,  1.28112048e-01,
        2.83890754e-01,  1.10474482e-01,  5.01439981e-02,  7.65936822e-02,
        1.18163399e-01,  6.33953214e-02,  2.27625221e-02,  2.39935927e-02,
        4.89065275e-02,  3.78047377e-02,  3.16742249e-02,  4.52354364e-02,
        1.51652321e-01,  7.33919367e-02,  1.63465571e-02,  7.84840994e-03,
        6.96022157e-03,  6.07063668e-03,  1.52498449e-03,  9.03886539e-05,
        7.97952907e-07,  2.20123496e-07,  1.77026436e-07,  1.51857364e-07,
        1.35011078e-07,  1.23253784e-07,  1.14569666e-07,  1.08063574e-07,
        1.03263503e-07,  9.97226621e-08,  9.73359775e-08,  9.58747179e-08,
        2.27679357e+01,  1.13651744e+01,  1.76743307e+01,  1.82009583e+01,
        2.06522676e+01,  1.97868830e+01,  7.01014602e+01,  1.97046600e-02,
        4.44355981e-03,  3.43402850e-02,  3.61680903e-02, -4.01094263e-03,
       -2.41084589e-02])}","{'cat_4.wav': array([-2.48188980e+02,  1.05885674e+02, -2.94066505e+01,  4.10835304e+01,
       -1.60801353e+01,  1.72513676e+01, -2.17198634e+00,  5.39518118e+00,
        1.57780975e-01, -7.59141159e+00,  7.37860203e+00,  6.58148289e+00,
        2.80584183e+01,  2.85941219e+00, -1.51143255e+01, -1.42243166e+01,
       -8.14951706e+00,  5.52861214e+00,  3.97860336e+00, -1.36583023e+01,
       -7.25760555e+00,  1.52848234e+01,  1.29620008e+01,  2.67139125e+00,
       -3.98864698e+00,  6.85517120e+00, -2.43876863e+00, -1.30148029e+01,
       -3.61299247e-01,  1.01045132e+00, -4.82541609e+00, -5.73196888e+00,
        4.70675850e+00,  6.11255789e+00,  3.65148973e+00,  3.19347429e+00,
        4.69541699e-02, -1.87678134e+00, -1.97629416e+00,  1.97564089e+00,
        3.95812899e-01,  4.14410889e-01,  6.36185169e-01,  7.53899574e-01,
        6.33917570e-01,  4.03388143e-01,  3.75816405e-01,  4.01656449e-01,
        3.99369627e-01,  4.44054246e-01,  4.96873796e-01,  4.41439480e-01,
        1.36385584e+00,  5.47466278e-01,  2.80829519e-01,  3.67436707e-01,
        6.15845382e-01,  6.91688418e-01,  8.31505001e-01,  7.20608234e-01,
        3.00890297e-01,  2.79510200e-01,  1.73677519e-01,  1.76260635e-01,
        1.39187381e-01,  6.67434856e-02,  6.89793304e-02,  4.84387502e-02,
        4.23974730e-02,  3.03089619e-02,  2.67463271e-02,  6.65073544e-02,
        6.84593201e-01,  5.94260025e+00,  2.43608456e+01,  3.26013794e+01,
        2.67033558e+01,  2.39317656e+00,  3.65470707e-01,  4.83876169e-02,
        5.39361946e-02,  6.43231869e-02,  5.86357526e-02,  1.13714695e-01,
        1.28935397e-01,  2.09119767e-01,  2.16371670e-01,  2.51390040e-01,
        1.50903463e-01,  1.08477883e-01,  2.44766206e-01,  1.53409675e-01,
        1.18297018e-01,  3.26378375e-01,  1.71057713e+00,  5.66964226e+01,
        2.04619751e+02,  7.17741623e+01,  1.74999313e+01,  1.08664198e+01,
        8.77137065e-01,  1.08036019e-01,  1.28931338e-02,  1.21802613e-02,
        1.81679502e-02,  3.32335792e-02,  3.56354751e-02,  4.08288240e-02,
        5.43191396e-02,  1.26190826e-01,  2.59900600e-01,  1.66229515e+01,
        9.68629684e+01,  3.79881783e+01,  2.56191311e+01,  2.14255524e+00,
        4.22636211e-01,  1.36396319e-01,  1.06777780e-01,  5.00787675e-01,
        6.91794574e-01,  1.12687695e+00,  3.26464176e+00,  1.06323156e+01,
        2.71158562e+01,  3.59566841e+01,  1.91032755e+00,  1.24946415e-01,
        2.13201150e-01,  6.18510731e-02,  1.80398583e-01,  3.71994078e-01,
        8.22035134e-01,  3.24744725e+00,  1.16760063e+00,  1.11980069e+00,
        5.53178787e-01,  5.75774729e-01,  4.37393099e-01,  6.52834892e-01,
        1.74228227e+00,  1.67248860e-01,  1.55954808e-01,  2.00398684e-01,
        2.00606212e-01,  8.89465362e-02,  1.61298022e-01,  4.60673906e-02,
        2.47713313e-01,  3.76807302e-01,  1.87398791e-01,  3.55142891e-01,
        2.83851415e-01,  5.95253110e-01,  1.11996375e-01,  8.97463337e-02,
        6.57012537e-02,  4.83845212e-02,  2.96334270e-02,  1.68424487e-01,
        6.79609403e-02,  5.91772571e-02,  8.09430704e-02,  5.12215085e-02,
        4.38938057e-03,  6.72123570e-04,  5.62471047e-04,  2.01874300e-05,
        1.94308249e-08,  5.97312977e-10,  9.23503662e-10,  1.18325416e-09,
        1.38189848e-09,  1.53371249e-09,  1.64709635e-09,  1.73075476e-09,
        1.79264048e-09,  1.83573123e-09,  1.86528371e-09,  1.88150295e-09,
        1.30745197e+01,  1.09016885e+01,  2.20688889e+01,  2.40184421e+01,
        2.47097705e+01,  2.39070212e+01,  6.20277464e+01, -1.76956784e-03,
        5.59298437e-03,  2.88898765e-02, -7.85230167e-02, -7.35765801e-03,
        9.82925003e-03])}","{'cat_14.wav': array([-4.25413147e+02, -1.64450228e+00, -3.10606213e+01,  1.99053562e+00,
       -1.19081116e+01,  2.99050941e+01, -1.04360676e+01,  2.41545601e+01,
       -1.77166080e+01,  1.59773529e+00,  7.20623398e+00,  5.73804569e+00,
        6.04528093e+00, -1.35742846e+01,  1.01312151e+01, -6.39827585e+00,
        5.75284624e+00, -1.07914293e+00,  5.80502844e+00, -8.51446450e-01,
       -2.30584049e+00,  5.02466249e+00,  6.81959331e-01,  7.62707186e+00,
        7.33923435e-01,  5.73942614e+00,  8.02412927e-01,  3.64888358e+00,
        8.70738149e-01,  3.68779039e+00, -8.82472754e-01, -2.58999634e+00,
        1.43440306e+00, -1.40025091e+00,  1.97702897e+00, -2.41889882e+00,
        1.87085485e+00, -9.43233013e-01,  1.70329243e-01, -7.32024550e-01,
        1.45124152e-01,  1.66878745e-01,  2.42185190e-01,  2.87028819e-01,
        2.72259384e-01,  2.68540293e-01,  2.58718222e-01,  2.87708789e-01,
        3.18543673e-01,  3.08415860e-01,  2.37765312e-01,  1.60164103e-01,
        5.10621071e-03,  8.66455398e-03,  2.74875783e-03,  9.89655964e-04,
        6.51034177e-04,  2.75906496e-04,  2.77934974e-04,  3.08487419e-04,
        4.60554962e-04,  1.24029978e-03,  1.44254754e-03,  4.30163695e-04,
        7.65894249e-04,  7.72578293e-04,  2.80848006e-04,  2.88927869e-04,
        1.26175839e-03,  4.52881632e-03,  7.66597781e-03,  9.70616192e-03,
        2.63954028e-02,  2.20062677e-02,  8.84941593e-03,  5.34267770e-03,
        6.93813479e-03,  8.03646725e-03,  8.11950210e-03,  1.06895352e-02,
        2.28639375e-02,  4.19524945e-02,  4.05174531e-02,  3.46700996e-02,
        5.52758165e-02,  3.32034715e-02,  2.82745752e-02,  3.21838073e-02,
        4.15314324e-02,  4.71879728e-02,  6.76382631e-02,  1.03995539e-01,
        1.28793344e-01,  2.52826214e-01,  8.08460116e-01,  2.83978701e+00,
        5.69480467e+00,  4.83317471e+00,  3.78525662e+00,  1.57738256e+00,
        1.11130595e+00,  1.00135565e+00,  7.15991974e-01,  5.79399765e-01,
        5.44475377e-01,  6.41238451e-01,  7.93107569e-01,  4.30069953e-01,
        1.67116880e-01,  1.58882931e-01,  4.68560420e-02,  1.93118863e-02,
        1.00471424e-02,  8.58654920e-03,  8.99226777e-03,  1.10584991e-02,
        1.32689113e-02,  1.47294030e-02,  1.17852673e-01,  3.55514407e-01,
        1.84473479e+00,  5.55712605e+00,  8.88082123e+00,  2.79510140e+00,
        2.83202124e+00,  2.39080691e+00,  4.14625931e+00,  5.46261215e+00,
        1.16492856e+00,  1.51858091e-01,  7.68210441e-02,  7.06193373e-02,
        1.16967820e-01,  3.04067105e-01,  7.34632969e-01,  2.94811755e-01,
        2.69978017e-01,  1.40291139e-01,  6.05340749e-02,  4.00739014e-02,
        1.56780496e-01,  2.52519339e-01,  1.44990921e-01,  3.38168770e-01,
        1.48250192e-01,  1.04267098e-01,  6.92961738e-02,  4.64940481e-02,
        4.37547192e-02,  2.91587431e-02,  2.68686991e-02,  8.27974975e-02,
        1.21929802e-01,  1.44122303e-01,  2.38211527e-01,  1.84606671e-01,
        1.88739210e-01,  2.46729687e-01,  4.18478161e-01,  7.68525481e-01,
        1.45930862e+00,  1.24589145e+00,  1.60059273e+00,  1.35745203e+00,
        7.09471047e-01,  2.24296361e-01,  5.22392243e-02,  3.68877198e-03,
        1.69941632e-05,  1.04782627e-09,  5.88537330e-10,  5.32960398e-10,
        4.90387064e-10,  4.57837879e-10,  4.31926939e-10,  4.11415263e-10,
        3.95672051e-10,  3.83664156e-10,  3.75406622e-10,  3.70254161e-10,
        1.69173661e+01,  1.52638125e+01,  1.77449455e+01,  2.50377262e+01,
        2.55690092e+01,  2.65247498e+01,  5.74040353e+01,  4.27182192e-03,
        3.82634974e-02,  5.25342754e-03,  1.67738603e-02,  1.55039964e-04,
        8.28154424e-03])}","{'cat_6.wav': array([-3.65417694e+02,  1.02101181e+02,  1.36796188e+01,  5.17603455e+01,
       -2.39181352e+00,  2.81512108e+01,  5.97731161e+00,  1.10932970e+01,
        3.09363484e+00, -2.77998656e-01,  5.43292522e+00,  6.99156666e+00,
        5.63902426e+00, -8.04324436e+00,  1.10841360e+01,  1.03045277e-01,
        8.85536671e-01,  8.59489632e+00,  6.02137709e+00,  2.55394268e+00,
        7.82731533e-01,  1.81830871e+00,  9.04516697e-01,  1.31742632e+00,
       -2.51282954e+00,  3.90524626e+00, -4.68068749e-01,  7.12560654e-01,
        1.10792315e+00, -1.06602341e-01,  2.40347832e-01,  3.95247310e-01,
        2.46718812e+00, -9.94741023e-01,  2.25755882e+00, -2.43282747e+00,
        9.50214922e-01,  1.21352482e+00, -1.10849178e+00,  7.75741756e-01,
        8.08760583e-01,  8.05278778e-01,  8.19187045e-01,  8.37361991e-01,
        8.45361173e-01,  8.34080756e-01,  8.07084262e-01,  8.09666932e-01,
        8.08874369e-01,  7.95165956e-01,  7.75859356e-01,  7.80582070e-01,
        1.77860737e+01,  1.19585218e+01,  9.21334267e+00,  3.46042490e+00,
        2.13532209e+00,  9.52886462e-01,  5.22390187e-01,  3.72938901e-01,
        2.96355844e-01,  2.49110162e-01,  2.18123421e-01,  1.84131056e-01,
        1.56500384e-01,  1.09140374e-01,  1.04605965e-01,  9.35083032e-02,
        7.23806247e-02,  5.28000258e-02,  2.95078717e-02,  2.10199356e-02,
        2.01053098e-02,  2.75889095e-02,  4.04779352e-02,  5.38610779e-02,
        1.21739015e-01,  8.66685286e-02,  1.68695059e-02,  1.08799459e-02,
        1.39115965e-02,  1.90737862e-02,  3.01831923e-02,  3.26868407e-02,
        2.51099747e-02,  2.84160115e-02,  2.52792574e-02,  1.93400532e-02,
        1.35382889e-02,  1.44414715e-02,  1.02431299e-02,  7.66565511e-03,
        1.04534281e-02,  1.13074305e-02,  7.71379564e-03,  7.81100197e-03,
        9.26821679e-03,  1.33247105e-02,  2.39578430e-02,  2.32803766e-02,
        2.86775175e-02,  1.98886450e-02,  9.94510762e-03,  6.50374871e-03,
        8.19772575e-03,  8.63446854e-03,  7.63450703e-03,  7.69982720e-03,
        9.94812883e-03,  8.57264455e-03,  1.50878988e-02,  1.82844326e-02,
        1.76012069e-02,  5.29310592e-02,  7.66492411e-02,  1.95039019e-01,
        1.88550249e-01,  2.61944681e-02,  3.46368626e-02,  3.93709764e-02,
        3.11954711e-02,  2.46334653e-02,  3.60723324e-02,  6.70198649e-02,
        1.31736219e-01,  9.52797458e-02,  1.25914201e-01,  1.42753780e-01,
        6.56252429e-02,  3.99681889e-02,  5.42754456e-02,  5.31233773e-02,
        9.16574597e-02,  1.15896828e-01,  1.43300265e-01,  9.17453766e-02,
        4.15267199e-02,  3.36105600e-02,  3.51459347e-02,  4.10508774e-02,
        3.25075202e-02,  3.03224344e-02,  3.24024446e-02,  3.39544192e-02,
        3.36557515e-02,  2.81116292e-02,  1.91352423e-02,  2.03905553e-02,
        1.75649077e-02,  1.50771169e-02,  1.62885580e-02,  1.62279606e-02,
        1.57941338e-02,  2.50620674e-02,  2.29550377e-02,  2.01726146e-02,
        1.73557941e-02,  1.31328087e-02,  7.62082636e-03,  3.07839690e-03,
        2.67575867e-03,  1.52698380e-03,  1.01287954e-03,  8.80343316e-04,
        6.17787475e-04,  3.48807458e-04,  6.06570211e-05,  3.08355129e-06,
        1.64692491e-08,  2.33622832e-09,  1.91126115e-09,  1.63409974e-09,
        1.43591461e-09,  1.29084565e-09,  1.18017252e-09,  1.09529052e-09,
        1.03137443e-09,  9.83726101e-10,  9.51130175e-10,  9.31255795e-10,
        1.39792748e+01,  1.08229776e+01,  1.43894123e+01,  1.41367511e+01,
        1.68086463e+01,  1.86216552e+01,  5.95313212e+01, -6.07598468e-03,
        3.18318236e-02, -1.39094451e-02,  9.81245221e-02,  1.11933766e-02,
        1.89381386e-02])}"
